{"cameraMode":{"drawMode":0,"name":"Shaded","section":"Shading Mode"},"sceneLighting":true,"audioPlay":false,"sceneViewState":{"showFog":true,"showMaterialUpdate":false,"showSkybox":true,"showFlares":true,"showImageEffects":true,"showParticleSystems":true},"in2DMode":false,"pivot":{"x":0.030000030994415284,"y":0.21027305722236634,"z":0.02907097339630127},"rotation":{"x":-0.12703818082809449,"y":-0.08180592954158783,"z":0.010486938990652562,"w":-0.9885178208351135},"size":4.785090446472168,"orthographic":false}