{"count":1,"gauges":{"TrashRobot.CumulativeReward":{"count":4,"max":0,"min":-1,"value":-1,"weightedAverage":-0.8125}},"self":117.6633344,"total":118.67338579999999,"children":{"AgentSendState":{"count":5908,"self":0.0821735,"total":0.0881459,"children":{"CollectObservations":{"count":591,"self":0.0049803999999999994,"total":0.0049803999999999994,"children":null},"CollectDiscreteActionMasks":{"count":591,"self":0.000992,"total":0.000992,"children":null}}},"DecideAction":{"count":5908,"self":0.82918399999999992,"total":0.82918399999999992,"children":null},"AgentAct":{"count":5908,"self":0.0917192,"total":0.0917192,"children":null}}}