{"count":1,"gauges":{},"self":128.6620032,"total":158.5832355,"children":{"AgentSendState":{"count":56501,"self":0.6914089,"total":1.0094117,"children":{"CollectObservations":{"count":5651,"self":0.0388808,"total":0.0388808,"children":null},"CollectDiscreteActionMasks":{"count":5651,"self":0.012962099999999999,"total":0.012962099999999999,"children":null},"AgentInfo.ToProto":{"count":5651,"self":0.0867619,"total":0.2661599,"children":{"GenerateSensorData":{"count":5651,"self":0.179398,"total":0.179398,"children":null}}}}},"DecideAction":{"count":56501,"self":28.4338496,"total":28.4338484,"children":null},"AgentAct":{"count":56501,"self":0.47697819999999996,"total":0.47697819999999996,"children":null}}}